{"cameraMode":{"drawMode":0,"name":"Shaded","section":"Shading Mode"},"sceneLighting":false,"audioPlay":false,"sceneViewState":{"m_AlwaysRefresh":false,"showFog":true,"showSkybox":false,"showFlares":true,"showImageEffects":true,"showParticleSystems":true,"showVisualEffectGraphs":true,"m_FxEnabled":true},"in2DMode":false,"pivot":{"x":12.056221961975098,"y":3.3039169311523439,"z":51.192176818847659},"rotation":{"x":-0.0060651348903775219,"y":0.6960289478302002,"z":0.005801869090646505,"w":0.7181395292282105},"size":1.5062140226364136,"orthographic":false}