{"cameraMode":{"drawMode":0,"name":"Shaded","section":"Shading Mode"},"sceneLighting":false,"audioPlay":false,"sceneViewState":{"m_AlwaysRefresh":false,"showFog":true,"showSkybox":true,"showFlares":true,"showImageEffects":true,"showParticleSystems":true,"showVisualEffectGraphs":true,"m_FxEnabled":true},"in2DMode":false,"pivot":{"x":16.531435012817384,"y":20.666702270507814,"z":29.493318557739259},"rotation":{"x":-0.09954562038183212,"y":0.3421998918056488,"z":-0.03645720332860947,"w":-0.933648407459259},"size":3.1715266704559328,"orthographic":false}