{"cameraMode":{"drawMode":0,"name":"Shaded","section":"Shading Mode"},"sceneLighting":false,"audioPlay":false,"sceneViewState":{"m_AlwaysRefresh":false,"showFog":true,"showSkybox":true,"showFlares":true,"showImageEffects":true,"showParticleSystems":true,"showVisualEffectGraphs":true,"m_FxEnabled":true},"in2DMode":false,"pivot":{"x":1019.0639038085938,"y":474.253662109375,"z":-1546.48583984375},"rotation":{"x":0.0032913770992308857,"y":-0.008687968365848065,"z":-0.00001427572078682715,"w":-0.9999716281890869},"size":4.668360233306885,"orthographic":false}