{"cameraMode":{"drawMode":0,"name":"Shaded","section":"Shading Mode"},"sceneLighting":false,"audioPlay":false,"sceneViewState":{"m_AlwaysRefresh":true,"showFog":true,"showSkybox":true,"showFlares":true,"showImageEffects":true,"showParticleSystems":true,"showVisualEffectGraphs":true,"m_FxEnabled":true},"in2DMode":false,"pivot":{"x":1.9803166389465333,"y":4.24812650680542,"z":21.347896575927736},"rotation":{"x":-0.0011344485683366657,"y":-0.998271644115448,"z":0.05913694202899933,"w":0.023184215649962426},"size":0.0012173204449936748,"orthographic":false}