{"cameraMode":{"drawMode":0,"name":"Shaded","section":"Shading Mode"},"sceneLighting":false,"audioPlay":false,"sceneViewState":{"m_AlwaysRefresh":false,"showFog":true,"showSkybox":true,"showFlares":true,"showImageEffects":true,"showParticleSystems":true,"showVisualEffectGraphs":true,"m_FxEnabled":true},"in2DMode":false,"pivot":{"x":2.9089176654815676,"y":6.31917667388916,"z":-2.6240015029907228},"rotation":{"x":0.04712259769439697,"y":0.3210749626159668,"z":-0.016090385615825654,"w":0.9458653330802918},"size":0.8660284876823425,"orthographic":false}