{"cameraMode":{"drawMode":0,"name":"Shaded","section":"Shading Mode"},"sceneLighting":false,"audioPlay":false,"sceneViewState":{"m_AlwaysRefresh":false,"showFog":true,"showSkybox":true,"showFlares":true,"showImageEffects":true,"showParticleSystems":true,"showVisualEffectGraphs":true,"m_FxEnabled":true},"in2DMode":false,"pivot":{"x":3.598766565322876,"y":2.3152055740356447,"z":0.5957643985748291},"rotation":{"x":0.06705231219530106,"y":0.8449558615684509,"z":-0.10910283774137497,"w":0.5193303823471069},"size":3.997678518295288,"orthographic":false}