{"cameraMode":{"drawMode":0,"name":"Shaded","section":"Shading Mode"},"sceneLighting":false,"audioPlay":false,"sceneViewState":{"m_AlwaysRefresh":false,"showFog":true,"showSkybox":true,"showFlares":true,"showImageEffects":true,"showParticleSystems":true,"showVisualEffectGraphs":true,"m_FxEnabled":true},"in2DMode":false,"pivot":{"x":-23.513322830200197,"y":4.049259185791016,"z":36.60382080078125},"rotation":{"x":0.018883178010582925,"y":0.6897194981575012,"z":0.018000738695263864,"w":-0.7236462235450745},"size":8.935410499572754,"orthographic":false}