{"cameraMode":{"drawMode":0,"name":"Shaded","section":"Shading Mode"},"sceneLighting":false,"audioPlay":false,"sceneViewState":{"m_AlwaysRefresh":false,"showFog":true,"showSkybox":true,"showFlares":true,"showImageEffects":true,"showParticleSystems":true,"showVisualEffectGraphs":true,"m_FxEnabled":true},"in2DMode":false,"pivot":{"x":806.9425048828125,"y":611.6549072265625,"z":-1398.1690673828125},"rotation":{"x":-0.0326375812292099,"y":-0.06261471658945084,"z":0.002081290353089571,"w":-0.9975209832191467},"size":3.1715266704559328,"orthographic":false}