{"cameraMode":{"drawMode":0,"name":"Shaded","section":"Shading Mode"},"sceneLighting":false,"audioPlay":false,"sceneViewState":{"m_AlwaysRefresh":false,"showFog":true,"showSkybox":true,"showFlares":true,"showImageEffects":true,"showParticleSystems":true,"showVisualEffectGraphs":true,"m_FxEnabled":true},"in2DMode":false,"pivot":{"x":2.4638211727142336,"y":2.3212790489196779,"z":3.0027682781219484},"rotation":{"x":-0.11089406162500382,"y":0.6429231762886047,"z":-0.09479843825101853,"w":-0.7519425749778748},"size":5.719855785369873,"orthographic":false}