{"cameraMode":{"drawMode":0,"name":"Shaded","section":"Shading Mode"},"sceneLighting":false,"audioPlay":false,"sceneViewState":{"m_AlwaysRefresh":false,"showFog":true,"showSkybox":true,"showFlares":true,"showImageEffects":true,"showParticleSystems":true,"showVisualEffectGraphs":true,"m_FxEnabled":true},"in2DMode":false,"pivot":{"x":-21.864667892456056,"y":5.594451427459717,"z":30.31203269958496},"rotation":{"x":0.10261984169483185,"y":0.04653194546699524,"z":-0.0048042237758636478,"w":0.9936671257019043},"size":8.600075721740723,"orthographic":false}