{"cameraMode":{"drawMode":0,"name":"Shaded","section":"Shading Mode"},"sceneLighting":false,"audioPlay":false,"sceneViewState":{"m_AlwaysRefresh":false,"showFog":true,"showSkybox":true,"showFlares":true,"showImageEffects":true,"showParticleSystems":true,"showVisualEffectGraphs":true,"m_FxEnabled":true},"in2DMode":false,"pivot":{"x":-9.16340160369873,"y":22.626659393310548,"z":25.57724380493164},"rotation":{"x":0.016198446974158288,"y":0.5375128388404846,"z":-0.010323869064450264,"w":0.8430481553077698},"size":1.3672633171081544,"orthographic":false}