{"cameraMode":{"drawMode":0,"name":"Shaded","section":"Shading Mode"},"sceneLighting":false,"audioPlay":false,"sceneViewState":{"m_AlwaysRefresh":false,"showFog":true,"showSkybox":true,"showFlares":true,"showImageEffects":true,"showParticleSystems":true,"showVisualEffectGraphs":true,"m_FxEnabled":true},"in2DMode":false,"pivot":{"x":142.7075958251953,"y":33.62970733642578,"z":-9.405853271484375},"rotation":{"x":0.027904503047466279,"y":-0.011415299959480763,"z":0.00029884438845328987,"w":0.9995664358139038},"size":317.0858459472656,"orthographic":false}