{"cameraMode":{"drawMode":0,"name":"Shaded","section":"Shading Mode"},"sceneLighting":true,"audioPlay":false,"sceneViewState":{"m_AlwaysRefresh":false,"showFog":true,"showSkybox":true,"showFlares":true,"showImageEffects":true,"showParticleSystems":true,"showVisualEffectGraphs":true,"m_FxEnabled":true},"in2DMode":false,"pivot":{"x":7.590782165527344,"y":0.05781535059213638,"z":182.5083465576172},"rotation":{"x":-0.018296800553798677,"y":-0.03712581843137741,"z":0.0006798398098908365,"w":-0.9991998672485352},"size":44.81154251098633,"orthographic":false}