{"cameraMode":{"drawMode":0,"name":"Shaded","section":"Shading Mode"},"sceneLighting":false,"audioPlay":false,"sceneViewState":{"m_AlwaysRefresh":false,"showFog":true,"showSkybox":false,"showFlares":true,"showImageEffects":true,"showParticleSystems":true,"showVisualEffectGraphs":true,"m_FxEnabled":true},"in2DMode":false,"pivot":{"x":2.250192165374756,"y":0.5375013947486877,"z":5.9787397384643559},"rotation":{"x":-0.007426996249705553,"y":0.9948368072509766,"z":-0.08754447847604752,"w":-0.059016793966293338},"size":4.330130577087402,"orthographic":false}