{"cameraMode":{"drawMode":0,"name":"Shaded","section":"Shading Mode"},"sceneLighting":false,"audioPlay":false,"sceneViewState":{"m_AlwaysRefresh":false,"showFog":true,"showSkybox":false,"showFlares":true,"showImageEffects":true,"showParticleSystems":true,"showVisualEffectGraphs":true,"m_FxEnabled":true},"in2DMode":false,"pivot":{"x":-6.101736545562744,"y":7.784888744354248,"z":-5.352461338043213},"rotation":{"x":0.0013223969144746662,"y":-0.9799825549125671,"z":-0.006456960458308458,"w":-0.19906730949878694},"size":12.177597999572754,"orthographic":false}