{"cameraMode":{"drawMode":0,"name":"Shaded","section":"Shading Mode"},"sceneLighting":false,"audioPlay":false,"sceneViewState":{"m_AlwaysRefresh":false,"showFog":true,"showSkybox":false,"showFlares":true,"showImageEffects":true,"showParticleSystems":true,"showVisualEffectGraphs":true,"m_FxEnabled":true},"in2DMode":false,"pivot":{"x":-107.07201385498047,"y":0.24544763565063477,"z":102.95140075683594},"rotation":{"x":0.0054053389467298988,"y":-0.5715413093566895,"z":-0.0037711968179792167,"w":-0.8205641508102417},"size":24.443164825439454,"orthographic":false}