{"cameraMode":{"drawMode":0,"name":"Shaded","section":"Shading Mode"},"sceneLighting":false,"audioPlay":false,"sceneViewState":{"m_AlwaysRefresh":true,"showFog":true,"showSkybox":false,"showFlares":true,"showImageEffects":true,"showParticleSystems":true,"showVisualEffectGraphs":true,"m_FxEnabled":true},"in2DMode":false,"pivot":{"x":-5.032683849334717,"y":5.604669570922852,"z":9.649860382080079},"rotation":{"x":-0.043011173605918887,"y":0.9513654112815857,"z":-0.15763697028160096,"w":-0.26179546117782595},"size":3.2194173336029054,"orthographic":false}