{"cameraMode":{"drawMode":0,"name":"Shaded","section":"Shading Mode"},"sceneLighting":false,"audioPlay":false,"sceneViewState":{"m_AlwaysRefresh":false,"showFog":true,"showSkybox":false,"showFlares":true,"showImageEffects":true,"showParticleSystems":true,"showVisualEffectGraphs":true,"m_FxEnabled":true},"in2DMode":false,"pivot":{"x":-7.5287675857543949,"y":1.7340565919876099,"z":1.8186073303222657},"rotation":{"x":-0.058058127760887149,"y":-0.8867129683494568,"z":0.11580856889486313,"w":-0.44387397170066836},"size":2.2638463973999025,"orthographic":false}