{"cameraMode":{"drawMode":0,"name":"Shaded","section":"Shading Mode"},"sceneLighting":false,"audioPlay":false,"sceneViewState":{"m_AlwaysRefresh":false,"showFog":true,"showSkybox":true,"showFlares":true,"showImageEffects":true,"showParticleSystems":true,"showVisualEffectGraphs":true,"m_FxEnabled":true},"in2DMode":false,"pivot":{"x":-113.98894500732422,"y":0.05000019073486328,"z":94.8619384765625},"rotation":{"x":0.6474673748016357,"y":-0.015502051450312138,"z":0.013290975242853165,"w":0.7618625164031982},"size":0.8660253882408142,"orthographic":false}