{"cameraMode":{"drawMode":0,"name":"Shaded","section":"Shading Mode"},"sceneLighting":false,"audioPlay":false,"sceneViewState":{"m_AlwaysRefresh":false,"showFog":true,"showSkybox":true,"showFlares":true,"showImageEffects":true,"showParticleSystems":true,"showVisualEffectGraphs":true,"m_FxEnabled":true},"in2DMode":false,"pivot":{"x":-197.86721801757813,"y":28.381250381469728,"z":-129.18687438964845},"rotation":{"x":0.0007224268047139049,"y":-0.9997502565383911,"z":-0.03360026329755783,"w":0.006188055034726858},"size":12.996230125427246,"orthographic":false}