{"cameraMode":{"drawMode":0,"name":"Shaded","section":"Shading Mode"},"sceneLighting":false,"audioPlay":false,"sceneViewState":{"m_AlwaysRefresh":false,"showFog":true,"showSkybox":true,"showFlares":true,"showImageEffects":true,"showParticleSystems":true,"showVisualEffectGraphs":true,"m_FxEnabled":true},"in2DMode":false,"pivot":{"x":-171.98353576660157,"y":43.80073928833008,"z":-222.2640838623047},"rotation":{"x":-0.0013616917422041298,"y":-0.9184443354606628,"z":-0.0033246618695557119,"w":0.39563247561454775},"size":0.8660253882408142,"orthographic":false}