{"cameraMode":{"drawMode":0,"name":"Shaded","section":"Shading Mode"},"sceneLighting":false,"audioPlay":false,"sceneViewState":{"m_AlwaysRefresh":false,"showFog":true,"showSkybox":true,"showFlares":true,"showImageEffects":true,"showParticleSystems":true,"showVisualEffectGraphs":true,"m_FxEnabled":true},"in2DMode":false,"pivot":{"x":-148.26177978515626,"y":7.56553316116333,"z":103.91120910644531},"rotation":{"x":0.0054053389467298988,"y":-0.5715413093566895,"z":-0.0037711968179792167,"w":-0.8205641508102417},"size":5.137707710266113,"orthographic":false}