{"cameraMode":{"drawMode":0,"name":"Shaded","section":"Shading Mode"},"sceneLighting":true,"audioPlay":false,"sceneViewState":{"m_AlwaysRefresh":false,"showFog":true,"showSkybox":true,"showFlares":true,"showImageEffects":true,"showParticleSystems":true,"showVisualEffectGraphs":true,"m_FxEnabled":true},"in2DMode":false,"pivot":{"x":237.56881713867188,"y":127.48661804199219,"z":-229.39520263671876},"rotation":{"x":0.160713329911232,"y":0.011763245798647404,"z":-0.0063020712696015839,"w":0.9873956441879273},"size":0.8660253882408142,"orthographic":false}