{"cameraMode":{"drawMode":0,"name":"Shaded","section":"Shading Mode"},"sceneLighting":false,"audioPlay":false,"sceneViewState":{"m_AlwaysRefresh":true,"showFog":true,"showSkybox":false,"showFlares":true,"showImageEffects":true,"showParticleSystems":true,"showVisualEffectGraphs":true,"m_FxEnabled":true},"in2DMode":false,"pivot":{"x":-6.054762840270996,"y":8.038540840148926,"z":-4.729166507720947},"rotation":{"x":-0.0036053285002708437,"y":-0.9558063745498657,"z":0.010515166446566582,"w":-0.29439759254455569},"size":8.518362045288086,"orthographic":false}