{"cameraMode":{"drawMode":0,"name":"Shaded","section":"Shading Mode"},"sceneLighting":false,"audioPlay":false,"sceneViewState":{"m_AlwaysRefresh":false,"showFog":true,"showSkybox":false,"showFlares":true,"showImageEffects":true,"showParticleSystems":true,"showVisualEffectGraphs":true,"m_FxEnabled":true},"in2DMode":false,"pivot":{"x":10.877615928649903,"y":22.82694435119629,"z":-14.28252124786377},"rotation":{"x":0.37127959728240969,"y":-0.015196265652775765,"z":0.005929987411946058,"w":0.9284621477127075},"size":1.2297563552856446,"orthographic":false}